series,jb_stat,p_value
Price,254161.7617999413,0.0
log(Price),249.7673022478464,5.8038935308181756e-55
