model,mae,mse
lasso,4642028.057882835,78475432206803.92
linear,2906562.027622027,238533629974142.28
ridge,2906209.3119909386,242341001192086.62
