model,mae,mse
ridge,2395706.783927871,19823852794166.37
linear,2404518.9669977934,19850118932150.76
lasso,2700437.3904687474,23120912477846.15
