model,mae,mse
lasso,4888165.2727272725,86103840142541.1
linear,3160688.473802979,236978999456571.44
ridge,3165166.362675468,241865729482891.4
