model,mae,mse
ridge,2199942.225296046,17086743722046.074
linear,2206895.5979088205,17113910651954.668
lasso,2475760.6154908477,20393583150882.754
