Maturity,CDS Spread (bps),Average Hazard Rate,Bootstrap Hazard Rate,Default Probability
1.0,100.0,0.024906797363839057,0.024906797363839057,0.02459918228053315
3.0,110.0,0.02747187108202491,0.028754407941117836,0.05451167229574572
5.0,120.0,0.030178715190534184,0.034238981353298094,0.06094993342281396
7.0,120.0,0.030095730635432565,0.029888269247678532,0.04989796828813975
10.0,125.0,0.03160434129709623,0.0351244328409781,0.08101344349486939
