Maturity,CDS Spread (bps),Average Hazard Rate,Bootstrap Hazard Rate,Default Probability,Risk-Free Rate
1.0,100.0,0.024690481872881,0.024690481872881,0.024388165151453145,0.1
3.0,110.0,0.027330773387733945,0.028650919145160415,0.05433280090674031,0.1
5.0,120.0,0.030311107191501974,0.03478160789715402,0.061908878938570666,0.1
7.0,120.0,0.03011617647559392,0.02962884968582379,0.04944483681114065,0.1
10.0,125.0,0.032065840552880136,0.03661505673321465,0.08425422430166463,0.1
