Maturity,CDS Spread (bps),Average Hazard Rate,Forward Hazard Rate,Default Probability
1.0,100.0,0.024999999999999998,0.024999999999999998,0.024690087971667274
3.0,110.0,0.027499999999999997,0.028749999999999998,0.0544984741715282
5.0,120.0,0.03,0.03375,0.06010346143174672
7.0,120.0,0.03,0.03,0.05012373045487073
10.0,125.0,0.03125,0.03416666666666667,0.0789686170235453
