model,alpha,n_violations,mean_k,t_stat,t_pvalue
HS,0.01,27,0.1684877935366761,1.6943720529909556,0.10214197315085591
HS,0.05,136,0.04247675038826397,0.8361101603491439,0.40457039592686284
FHS-EWMA,0.01,18,0.026570572901991853,0.5591979316211007,0.5833192456960783
FHS-EWMA,0.05,97,0.007804951884143505,0.238049067964553,0.8123503914963002
