df,qq_rmse
5,0.05443223118830979
6,0.07171666007062144
4,0.07499616331081159
3,0.18767840963031177
