sector,alpha,beta_mkt,beta_smb,beta_hml,average_r_squared
Basic Materials,2.7784845439727012e-05,1.0384971562925118,0.21886878975048815,0.44404100948996705,0.4197678227163114
Communication Services,0.00023018377601364735,0.9386795973155019,0.10327450412972498,-0.006815361523942219,0.32826869823601745
Consumer Cyclical,0.00022736775931670486,1.0338375373256545,0.32072172724815573,0.19477220694708805,0.3556245123374371
Consumer Defensive,0.00015042488170585196,0.5820893119492382,-0.19592315392025705,0.12983427139171147,0.22296024967282563
