Bucket,Delta CVA
0-1,3217.690661774541
1-3,8292.374574647576
3-5,10287.34298711043
