Instrument,Notional
1Y CDS,3239096.0569016645
3Y CDS,4307528.425897183
5Y CDS,-15809118.612113398
