Bucket,Delta CVA,Delta Hedge,Residual
0-1,3217.690661774541,-3217.690661774541,0.0
1-3,8292.374574647576,-8292.374574647576,0.0
3-5,10287.34298711043,-10287.34298711043,0.0
