Initial Margin,CVA
0.0,498117.5100308526
1000000.0,474585.21087884094
10000000.0,301672.09592049354
100000000.0,5166.736470622318
