Metric,Value
Unnetted CVA,628537.6852330184
Netted CVA,498117.5100308526
Netting Benefit (EUR),130420.17520216579
Netting Benefit (%),20.749778138412655
