Contract,Standalone CVA
SX5E Forward,253887.87861955335
AEX Forward,231854.74517837295
SX5E Put,74480.30266708699
AEX Put,68314.75876800469
