n_estimators,validation_fbeta
20,0.8947368421052632
50,0.8947368421052632
100,0.8994708994708994
150,0.8776595744680851
200,0.8823529411764706
