hidden_layers,validation_fbeta
"(8,)",0.9139784946236559
"(16,)",0.8928571428571429
"(8, 8)",0.8620689655172413
"(16, 16)",0.8974358974358975
